--
-- PostgreSQL database dump
--

\restrict adT6yrQBaUqDi6tyfebl6RbZoytPZprTPqODLDJka4vF1Vg7x4QVwtpFWOHfMtz

-- Dumped from database version 18.0
-- Dumped by pg_dump version 18.0

-- Started on 2025-12-15 17:34:56

SET statement_timeout = 0;
SET lock_timeout = 0;
SET idle_in_transaction_session_timeout = 0;
SET transaction_timeout = 0;
SET client_encoding = 'UTF8';
SET standard_conforming_strings = on;
SELECT pg_catalog.set_config('search_path', '', false);
SET check_function_bodies = false;
SET xmloption = content;
SET client_min_messages = warning;
SET row_security = off;

SET default_tablespace = '';

SET default_table_access_method = heap;

--
-- TOC entry 219 (class 1259 OID 16999)
-- Name: account; Type: TABLE; Schema: public; Owner: postgres
--

CREATE TABLE public.account (
    idaccount integer NOT NULL,
    username character varying(45) NOT NULL,
    email character varying(45) NOT NULL,
    password character varying(60) NOT NULL,
    refresh_token character varying(200),
    deletion_flag boolean,
    deletion_date character varying(20)
);


ALTER TABLE public.account OWNER TO postgres;

--
-- TOC entry 220 (class 1259 OID 17006)
-- Name: account_idaccount_seq; Type: SEQUENCE; Schema: public; Owner: postgres
--

CREATE SEQUENCE public.account_idaccount_seq
    AS integer
    START WITH 1
    INCREMENT BY 1
    NO MINVALUE
    NO MAXVALUE
    CACHE 1;


ALTER SEQUENCE public.account_idaccount_seq OWNER TO postgres;

--
-- TOC entry 5020 (class 0 OID 0)
-- Dependencies: 220
-- Name: account_idaccount_seq; Type: SEQUENCE OWNED BY; Schema: public; Owner: postgres
--

ALTER SEQUENCE public.account_idaccount_seq OWNED BY public.account.idaccount;


--
-- TOC entry 221 (class 1259 OID 17007)
-- Name: favourites; Type: TABLE; Schema: public; Owner: postgres
--

CREATE TABLE public.favourites (
    idfavourites integer NOT NULL,
    idaccount integer NOT NULL,
    movieid integer NOT NULL,
    ismovie boolean NOT NULL
);


ALTER TABLE public.favourites OWNER TO postgres;

--
-- TOC entry 222 (class 1259 OID 17014)
-- Name: favourites_idfavourites_seq; Type: SEQUENCE; Schema: public; Owner: postgres
--

CREATE SEQUENCE public.favourites_idfavourites_seq
    AS integer
    START WITH 1
    INCREMENT BY 1
    NO MINVALUE
    NO MAXVALUE
    CACHE 1;


ALTER SEQUENCE public.favourites_idfavourites_seq OWNER TO postgres;

--
-- TOC entry 5021 (class 0 OID 0)
-- Dependencies: 222
-- Name: favourites_idfavourites_seq; Type: SEQUENCE OWNED BY; Schema: public; Owner: postgres
--

ALTER SEQUENCE public.favourites_idfavourites_seq OWNED BY public.favourites.idfavourites;


--
-- TOC entry 223 (class 1259 OID 17015)
-- Name: group_members; Type: TABLE; Schema: public; Owner: postgres
--

CREATE TABLE public.group_members (
    id integer NOT NULL,
    idgroup integer NOT NULL,
    idaccount integer NOT NULL,
    status character varying(20) NOT NULL,
    requested_at timestamp without time zone DEFAULT CURRENT_TIMESTAMP,
    responded_at timestamp without time zone,
    CONSTRAINT group_members_status_check CHECK (((status)::text = ANY (ARRAY[('pending'::character varying)::text, ('accepted'::character varying)::text, ('rejected'::character varying)::text])))
);


ALTER TABLE public.group_members OWNER TO postgres;

--
-- TOC entry 224 (class 1259 OID 17024)
-- Name: group_members_id_seq; Type: SEQUENCE; Schema: public; Owner: postgres
--

CREATE SEQUENCE public.group_members_id_seq
    AS integer
    START WITH 1
    INCREMENT BY 1
    NO MINVALUE
    NO MAXVALUE
    CACHE 1;


ALTER SEQUENCE public.group_members_id_seq OWNER TO postgres;

--
-- TOC entry 5022 (class 0 OID 0)
-- Dependencies: 224
-- Name: group_members_id_seq; Type: SEQUENCE OWNED BY; Schema: public; Owner: postgres
--

ALTER SEQUENCE public.group_members_id_seq OWNED BY public.group_members.id;


--
-- TOC entry 225 (class 1259 OID 17025)
-- Name: groups; Type: TABLE; Schema: public; Owner: postgres
--

CREATE TABLE public.groups (
    idgroup integer NOT NULL,
    name character varying(50) NOT NULL,
    description text,
    created_at timestamp without time zone DEFAULT CURRENT_TIMESTAMP,
    owner integer NOT NULL
);


ALTER TABLE public.groups OWNER TO postgres;

--
-- TOC entry 226 (class 1259 OID 17034)
-- Name: groups_idgroup_seq; Type: SEQUENCE; Schema: public; Owner: postgres
--

CREATE SEQUENCE public.groups_idgroup_seq
    AS integer
    START WITH 1
    INCREMENT BY 1
    NO MINVALUE
    NO MAXVALUE
    CACHE 1;


ALTER SEQUENCE public.groups_idgroup_seq OWNER TO postgres;

--
-- TOC entry 5023 (class 0 OID 0)
-- Dependencies: 226
-- Name: groups_idgroup_seq; Type: SEQUENCE OWNED BY; Schema: public; Owner: postgres
--

ALTER SEQUENCE public.groups_idgroup_seq OWNED BY public.groups.idgroup;


--
-- TOC entry 227 (class 1259 OID 17035)
-- Name: reviews; Type: TABLE; Schema: public; Owner: postgres
--

CREATE TABLE public.reviews (
    idreviews integer NOT NULL,
    review character varying(200),
    rating double precision,
    idaccount integer NOT NULL,
    idmovie integer NOT NULL,
    date character varying(30),
    ismovie boolean NOT NULL
);


ALTER TABLE public.reviews OWNER TO postgres;

--
-- TOC entry 228 (class 1259 OID 17040)
-- Name: reviews_idreviews_seq; Type: SEQUENCE; Schema: public; Owner: postgres
--

CREATE SEQUENCE public.reviews_idreviews_seq
    AS integer
    START WITH 1
    INCREMENT BY 1
    NO MINVALUE
    NO MAXVALUE
    CACHE 1;


ALTER SEQUENCE public.reviews_idreviews_seq OWNER TO postgres;

--
-- TOC entry 5024 (class 0 OID 0)
-- Dependencies: 228
-- Name: reviews_idreviews_seq; Type: SEQUENCE OWNED BY; Schema: public; Owner: postgres
--

ALTER SEQUENCE public.reviews_idreviews_seq OWNED BY public.reviews.idreviews;


--
-- TOC entry 4829 (class 2604 OID 17093)
-- Name: account idaccount; Type: DEFAULT; Schema: public; Owner: postgres
--

ALTER TABLE ONLY public.account ALTER COLUMN idaccount SET DEFAULT nextval('public.account_idaccount_seq'::regclass);


--
-- TOC entry 4830 (class 2604 OID 17094)
-- Name: favourites idfavourites; Type: DEFAULT; Schema: public; Owner: postgres
--

ALTER TABLE ONLY public.favourites ALTER COLUMN idfavourites SET DEFAULT nextval('public.favourites_idfavourites_seq'::regclass);


--
-- TOC entry 4831 (class 2604 OID 17095)
-- Name: group_members id; Type: DEFAULT; Schema: public; Owner: postgres
--

ALTER TABLE ONLY public.group_members ALTER COLUMN id SET DEFAULT nextval('public.group_members_id_seq'::regclass);


--
-- TOC entry 4833 (class 2604 OID 17096)
-- Name: groups idgroup; Type: DEFAULT; Schema: public; Owner: postgres
--

ALTER TABLE ONLY public.groups ALTER COLUMN idgroup SET DEFAULT nextval('public.groups_idgroup_seq'::regclass);


--
-- TOC entry 4835 (class 2604 OID 17097)
-- Name: reviews idreviews; Type: DEFAULT; Schema: public; Owner: postgres
--

ALTER TABLE ONLY public.reviews ALTER COLUMN idreviews SET DEFAULT nextval('public.reviews_idreviews_seq'::regclass);


--
-- TOC entry 5005 (class 0 OID 16999)
-- Dependencies: 219
-- Data for Name: account; Type: TABLE DATA; Schema: public; Owner: postgres
--

COPY public.account (idaccount, username, email, password, refresh_token, deletion_flag, deletion_date) FROM stdin;
2	asd	asd@asd.com	$2b$10$7dv4h6jnaKnD39PXvSVWI.Cv.ilrufVNuF/CoRDRrm6a1Z1hcKq6q	eyJhbGciOiJIUzI1NiIsInR5cCI6IkpXVCJ9.eyJ1c2VybmFtZSI6ImFzZCIsImlhdCI6MTc2NDg0NzI4NiwiZXhwIjoxNzY1NDUyMDg2fQ.Tq_uB5LkeUQlKtG80MRGJoCQraVGIcHyeVyjGjzqAeI	f	\N
1	eerikp	epezzupit@gmail.com	$2b$10$5sMVUgW61APsjZ7VWDzt8ONtXdN.Jcpaj/ts9d7Vb5uFxIBznRwnG	eyJhbGciOiJIUzI1NiIsInR5cCI6IkpXVCJ9.eyJ1c2VybmFtZSI6ImVlcmlrcCIsImlhdCI6MTc2NTc1OTAzOCwiZXhwIjoxNzY2MzYzODM4fQ.JjYh_o6nZVDRFDQV5794t-f-EtT49Iw8PXQueLJmQDM	f	\N
\.


--
-- TOC entry 5007 (class 0 OID 17007)
-- Dependencies: 221
-- Data for Name: favourites; Type: TABLE DATA; Schema: public; Owner: postgres
--

COPY public.favourites (idfavourites, idaccount, movieid, ismovie) FROM stdin;
9	2	1180831	t
10	2	1419406	f
11	2	533533	f
12	2	66732	f
16	2	1084242	t
17	2	200875	f
24	1	1180831	t
26	1	1084242	t
33	1	240459	f
36	1	1218925	t
38	1	1419406	t
40	1	1217602	t
41	1	1387382	t
42	1	785663	t
43	1	79744	f
45	1	1408	f
46	1	200875	f
47	1	1622	f
48	1	549	f
49	1	798645	t
54	1	1429	f
55	1	4935	t
61	1	1228246	t
62	1	66732	f
\.


--
-- TOC entry 5009 (class 0 OID 17015)
-- Dependencies: 223
-- Data for Name: group_members; Type: TABLE DATA; Schema: public; Owner: postgres
--

COPY public.group_members (id, idgroup, idaccount, status, requested_at, responded_at) FROM stdin;
\.


--
-- TOC entry 5011 (class 0 OID 17025)
-- Dependencies: 225
-- Data for Name: groups; Type: TABLE DATA; Schema: public; Owner: postgres
--

COPY public.groups (idgroup, name, description, created_at, owner) FROM stdin;
\.


--
-- TOC entry 5013 (class 0 OID 17035)
-- Dependencies: 227
-- Data for Name: reviews; Type: TABLE DATA; Schema: public; Owner: postgres
--

COPY public.reviews (idreviews, review, rating, idaccount, idmovie, date, ismovie) FROM stdin;
71	testi	4	1	1622	15/12/2025	f
72	no comment	3	1	549	15/12/2025	f
73	no comment	2	1	200875	15/12/2025	f
75	ok	5	1	798645	15/12/2025	t
81	Tosi hyvä!!!	4	1	1396	15/12/2025	f
77	nice	4	1	66732	15/12/2025	f
74		2	1	1084242	15/12/2025	t
\.


--
-- TOC entry 5025 (class 0 OID 0)
-- Dependencies: 220
-- Name: account_idaccount_seq; Type: SEQUENCE SET; Schema: public; Owner: postgres
--

SELECT pg_catalog.setval('public.account_idaccount_seq', 2, true);


--
-- TOC entry 5026 (class 0 OID 0)
-- Dependencies: 222
-- Name: favourites_idfavourites_seq; Type: SEQUENCE SET; Schema: public; Owner: postgres
--

SELECT pg_catalog.setval('public.favourites_idfavourites_seq', 49, true);


--
-- TOC entry 5027 (class 0 OID 0)
-- Dependencies: 224
-- Name: group_members_id_seq; Type: SEQUENCE SET; Schema: public; Owner: postgres
--

SELECT pg_catalog.setval('public.group_members_id_seq', 1, false);


--
-- TOC entry 5028 (class 0 OID 0)
-- Dependencies: 226
-- Name: groups_idgroup_seq; Type: SEQUENCE SET; Schema: public; Owner: postgres
--

SELECT pg_catalog.setval('public.groups_idgroup_seq', 1, false);


--
-- TOC entry 5029 (class 0 OID 0)
-- Dependencies: 228
-- Name: reviews_idreviews_seq; Type: SEQUENCE SET; Schema: public; Owner: postgres
--

SELECT pg_catalog.setval('public.reviews_idreviews_seq', 81, true);


--
-- TOC entry 4838 (class 2606 OID 17047)
-- Name: account account_pkey; Type: CONSTRAINT; Schema: public; Owner: postgres
--

ALTER TABLE ONLY public.account
    ADD CONSTRAINT account_pkey PRIMARY KEY (idaccount);


--
-- TOC entry 4842 (class 2606 OID 17088)
-- Name: favourites favourites_pkey; Type: CONSTRAINT; Schema: public; Owner: postgres
--

ALTER TABLE ONLY public.favourites
    ADD CONSTRAINT favourites_pkey PRIMARY KEY (idaccount, movieid, ismovie);


--
-- TOC entry 4844 (class 2606 OID 17051)
-- Name: group_members group_members_idgroup_idaccount_key; Type: CONSTRAINT; Schema: public; Owner: postgres
--

ALTER TABLE ONLY public.group_members
    ADD CONSTRAINT group_members_idgroup_idaccount_key UNIQUE (idgroup, idaccount);


--
-- TOC entry 4846 (class 2606 OID 17053)
-- Name: group_members group_members_pkey; Type: CONSTRAINT; Schema: public; Owner: postgres
--

ALTER TABLE ONLY public.group_members
    ADD CONSTRAINT group_members_pkey PRIMARY KEY (id);


--
-- TOC entry 4848 (class 2606 OID 17055)
-- Name: groups groups_name_key; Type: CONSTRAINT; Schema: public; Owner: postgres
--

ALTER TABLE ONLY public.groups
    ADD CONSTRAINT groups_name_key UNIQUE (name);


--
-- TOC entry 4850 (class 2606 OID 17057)
-- Name: groups groups_pkey; Type: CONSTRAINT; Schema: public; Owner: postgres
--

ALTER TABLE ONLY public.groups
    ADD CONSTRAINT groups_pkey PRIMARY KEY (idgroup);


--
-- TOC entry 4852 (class 2606 OID 17110)
-- Name: reviews reviews_pkey; Type: CONSTRAINT; Schema: public; Owner: postgres
--

ALTER TABLE ONLY public.reviews
    ADD CONSTRAINT reviews_pkey PRIMARY KEY (idaccount, idmovie, ismovie);


--
-- TOC entry 4840 (class 2606 OID 17061)
-- Name: account username_unq; Type: CONSTRAINT; Schema: public; Owner: postgres
--

ALTER TABLE ONLY public.account
    ADD CONSTRAINT username_unq UNIQUE (username);


--
-- TOC entry 4853 (class 2606 OID 17062)
-- Name: favourites foreign_idaccount; Type: FK CONSTRAINT; Schema: public; Owner: postgres
--

ALTER TABLE ONLY public.favourites
    ADD CONSTRAINT foreign_idaccount FOREIGN KEY (idaccount) REFERENCES public.account(idaccount) ON DELETE CASCADE;


--
-- TOC entry 4857 (class 2606 OID 17067)
-- Name: reviews foreign_idaccount; Type: FK CONSTRAINT; Schema: public; Owner: postgres
--

ALTER TABLE ONLY public.reviews
    ADD CONSTRAINT foreign_idaccount FOREIGN KEY (idaccount) REFERENCES public.account(idaccount) ON DELETE CASCADE;


--
-- TOC entry 4854 (class 2606 OID 17072)
-- Name: group_members group_members_idaccount_fkey; Type: FK CONSTRAINT; Schema: public; Owner: postgres
--

ALTER TABLE ONLY public.group_members
    ADD CONSTRAINT group_members_idaccount_fkey FOREIGN KEY (idaccount) REFERENCES public.account(idaccount) ON DELETE CASCADE;


--
-- TOC entry 4855 (class 2606 OID 17077)
-- Name: group_members group_members_idgroup_fkey; Type: FK CONSTRAINT; Schema: public; Owner: postgres
--

ALTER TABLE ONLY public.group_members
    ADD CONSTRAINT group_members_idgroup_fkey FOREIGN KEY (idgroup) REFERENCES public.groups(idgroup) ON DELETE CASCADE;


--
-- TOC entry 4856 (class 2606 OID 17082)
-- Name: groups groups_owner_fkey; Type: FK CONSTRAINT; Schema: public; Owner: postgres
--

ALTER TABLE ONLY public.groups
    ADD CONSTRAINT groups_owner_fkey FOREIGN KEY (owner) REFERENCES public.account(idaccount) ON DELETE CASCADE;


-- Completed on 2025-12-15 17:34:56

--
-- PostgreSQL database dump complete
--

\unrestrict adT6yrQBaUqDi6tyfebl6RbZoytPZprTPqODLDJka4vF1Vg7x4QVwtpFWOHfMtz

